legacy_path,classification,reason,replacement,source_commit,sha256,action
.env.example,KEEP_CANONICAL,repository control retained with cleanroom semantics,.env.example,d691a97d68b237ef0698c36a3576cdbb07b6c29d,fd8f9ba61204b0255ef6ee32e9742c919f6373df5cf18921604dddfde6f4d237,REWRITE
.github/workflows/ci.yml,KEEP_CANONICAL,CI retained but rewritten for DPDD governance,.github/workflows/ci.yml,d691a97d68b237ef0698c36a3576cdbb07b6c29d,30b78c125e7c60e50e24963b4eae0ccf733f1fd9d079dd55bb0761d0734f9a0b,REWRITE
.gitignore,KEEP_CANONICAL,repository control retained with cleanroom semantics,.gitignore,d691a97d68b237ef0698c36a3576cdbb07b6c29d,480514d2aaa66ec171dd5959bb03e4fc43e2e52c0aa1e06ab7889f892ac3cb51,REWRITE
.python-version,KEEP_CANONICAL,required build or project metadata,.python-version,d691a97d68b237ef0698c36a3576cdbb07b6c29d,7b55f8e67b5623c4bef3fa691288da9437d79d3aba156de48d481db32ac7d16d,KEEP
README.md,KEEP_CANONICAL,repository control retained with cleanroom semantics,README.md,d691a97d68b237ef0698c36a3576cdbb07b6c29d,75bd309cc7240e112a63b78c9d1d3089b10073d7a2adc6d7ff656b5549d1573a,REWRITE
artifacts/qa/.gitkeep,DELETE_GENERATED,generated evidence location contains placeholders only,artifacts/.gitkeep,d691a97d68b237ef0698c36a3576cdbb07b6c29d,01ba4719c80b6fe911b091a7c05124b64eeece964e09c058ef8f9805daca546b,normalize
artifacts/reports/.gitkeep,DELETE_GENERATED,generated evidence location contains placeholders only,artifacts/.gitkeep,d691a97d68b237ef0698c36a3576cdbb07b6c29d,01ba4719c80b6fe911b091a7c05124b64eeece964e09c058ef8f9805daca546b,normalize
artifacts/runs/.gitkeep,DELETE_GENERATED,generated evidence location contains placeholders only,artifacts/.gitkeep,d691a97d68b237ef0698c36a3576cdbb07b6c29d,01ba4719c80b6fe911b091a7c05124b64eeece964e09c058ef8f9805daca546b,normalize
config/gates.yaml,KEEP_CANONICAL,repository control retained with cleanroom semantics,config/gates.yaml,d691a97d68b237ef0698c36a3576cdbb07b6c29d,12d0096e6dd17c8aa927bcba04e5bcb00017295e4acfb6f524c2361c871b8d76,REWRITE
config/ncs_scope.yaml,KEEP_CANONICAL,repository control retained with cleanroom semantics,config/ncs_scope.yaml,d691a97d68b237ef0698c36a3576cdbb07b6c29d,1cbd6b06206059edc500d4361a1c7fc0f3d3082b64e430a2ae498133d6d901bd,REWRITE
config/periods.yaml,KEEP_CANONICAL,repository control retained with cleanroom semantics,config/periods.yaml,d691a97d68b237ef0698c36a3576cdbb07b6c29d,f84faf17ff14d41ed7ecc7e3e37bdec31b07d4d0235d12a5b277c3b4a7b717ef,REWRITE
config/project.yaml,KEEP_CANONICAL,repository control retained with cleanroom semantics,config/project.yaml,d691a97d68b237ef0698c36a3576cdbb07b6c29d,0d7306910e24943099f22279a70df4400884074fff312637b8e6be7f2b8e8ac8,REWRITE
config/query_registry.yaml,KEEP_CANONICAL,repository control retained with cleanroom semantics,config/query_registry.yaml,d691a97d68b237ef0698c36a3576cdbb07b6c29d,828ce942903639e7d23a24177d90d781749f856015b3049e933573cd2ef59e6d,REWRITE
config/run_modes.yaml,KEEP_CANONICAL,repository control retained with cleanroom semantics,config/run_modes.yaml,d691a97d68b237ef0698c36a3576cdbb07b6c29d,13051f88a215f8eee056a2eae407461df16a2831d57b274fade157a8366dc773,REWRITE
config/source_policy.yaml,KEEP_CANONICAL,repository control retained with cleanroom semantics,config/source_policy.yaml,d691a97d68b237ef0698c36a3576cdbb07b6c29d,dd8827ed5e6bfbffb911127f5de4945c231280d6e1d8750cc7efaed8625cee84,REWRITE
contracts/registry.yaml,KEEP_CANONICAL,current bridge contract or extension schema,contracts/registry.yaml,d691a97d68b237ef0698c36a3576cdbb07b6c29d,6de3058ee3c5d22e41dd01f759227a6a976839c2bb41918ddcf13c55631f6b5d,selective import
contracts/schemas/v4_extensions/api_endpoint_contract.schema.json,KEEP_CANONICAL,current bridge contract or extension schema,contracts/schemas/v4_extensions/api_endpoint_contract.schema.json,d691a97d68b237ef0698c36a3576cdbb07b6c29d,63c7daf20ccbc397234babf2b61e961c58103877d5bc472d7872891bd580bcd3,selective import
contracts/schemas/v4_extensions/api_probe_run.schema.json,KEEP_CANONICAL,current bridge contract or extension schema,contracts/schemas/v4_extensions/api_probe_run.schema.json,d691a97d68b237ef0698c36a3576cdbb07b6c29d,3026c0a70d0a4c866a00634a71df566911fff409fbd588fd6ffa5a7d9a6d9bd5,selective import
contracts/schemas/v4_extensions/calibration_model.schema.json,KEEP_CANONICAL,current bridge contract or extension schema,contracts/schemas/v4_extensions/calibration_model.schema.json,d691a97d68b237ef0698c36a3576cdbb07b6c29d,0194b3c77934e1f9794243690a8640fb52e25b9b06eadb118a496c14be9272a4,selective import
contracts/schemas/v4_extensions/candidate_packet.schema.json,KEEP_CANONICAL,current bridge contract or extension schema,contracts/schemas/v4_extensions/candidate_packet.schema.json,d691a97d68b237ef0698c36a3576cdbb07b6c29d,a6dd2b679d92a72a81c875bf3fa796f079c5d8df436432c2a633fc6a458c5497,selective import
contracts/schemas/v4_extensions/ncs_duty_unit_bridge.schema.json,KEEP_CANONICAL,current bridge contract or extension schema,contracts/schemas/v4_extensions/ncs_duty_unit_bridge.schema.json,d691a97d68b237ef0698c36a3576cdbb07b6c29d,3f5bd68d7433e052ac4fa7a1d7db49b31a7a0ec43106f5ae611295d9e38fa0db,selective import
contracts/schemas/v4_extensions/ncs_edge.schema.json,KEEP_CANONICAL,current bridge contract or extension schema,contracts/schemas/v4_extensions/ncs_edge.schema.json,d691a97d68b237ef0698c36a3576cdbb07b6c29d,8cfbbc4b36083a3623ffd1851f692cd46f1e64670de4b2b50d5c3165dfb7b17d,selective import
contracts/schemas/v4_extensions/ncs_external_code_crosswalk.schema.json,KEEP_CANONICAL,current bridge contract or extension schema,contracts/schemas/v4_extensions/ncs_external_code_crosswalk.schema.json,d691a97d68b237ef0698c36a3576cdbb07b6c29d,2770cb3aa46c8679236b4a61d104892b206980170c0a9919210cff8b3b88ff16,selective import
contracts/schemas/v4_extensions/ncs_node.schema.json,KEEP_CANONICAL,current bridge contract or extension schema,contracts/schemas/v4_extensions/ncs_node.schema.json,d691a97d68b237ef0698c36a3576cdbb07b6c29d,9b12145dccfb79e175d13cfa3b72c91f017599bbe58c21050e2416ae7c1024be,selective import
contracts/schemas/v4_extensions/ocr_quality.schema.json,KEEP_CANONICAL,current bridge contract or extension schema,contracts/schemas/v4_extensions/ocr_quality.schema.json,d691a97d68b237ef0698c36a3576cdbb07b6c29d,0e5372eb2fc9b03b311dd1b2d68a6f09eae2541a5c2fdd318f04e40e532637ac,selective import
contracts/schemas/v4_extensions/reference_label.schema.json,KEEP_CANONICAL,current bridge contract or extension schema,contracts/schemas/v4_extensions/reference_label.schema.json,d691a97d68b237ef0698c36a3576cdbb07b6c29d,c2d234e9d11852450606be89408a4c5f503b297c2986b32dee2082ea902d3d8d,selective import
contracts/schemas/v4_extensions/semantic_chunk.schema.json,KEEP_CANONICAL,current bridge contract or extension schema,contracts/schemas/v4_extensions/semantic_chunk.schema.json,d691a97d68b237ef0698c36a3576cdbb07b6c29d,424b13e02a20057575a7e9bd6454d5e293ba70d504ffbad430ad2ea6646707fe,selective import
contracts/schemas/v4_extensions/source_block.schema.json,KEEP_CANONICAL,current bridge contract or extension schema,contracts/schemas/v4_extensions/source_block.schema.json,d691a97d68b237ef0698c36a3576cdbb07b6c29d,4a6603deded33dcfef54e32900dceefcfa288b88361d5f3ccbf6b311dfe06b38,selective import
contracts/v2.1.2_legacy/AGENT3_TO_AGENT1_HANDOFF.json,ARCHIVE_EXTERNAL,stale agent or migration handoff report,DPDD governance and validation specs,d691a97d68b237ef0698c36a3576cdbb07b6c29d,1f09f3d063d4e61dc625c5c5205dd9c62b6a32980f04168e8964015898af62d6,preserved in archive only
contracts/v2.1.2_legacy/AGENT3_TO_AGENT2_HANDOFF.json,ARCHIVE_EXTERNAL,stale agent or migration handoff report,DPDD governance and validation specs,d691a97d68b237ef0698c36a3576cdbb07b6c29d,8de351b43626a202be7f19e293710eb5fd0c233b9d4119a275b39ec9692ac5ef,preserved in archive only
contracts/v2.1.2_legacy/CHECKSUMS.sha256,KEEP_COMPATIBILITY,2.1.2 compatibility contract required by 2.1.3 bridge validation,contracts/v2.1.2_legacy/CHECKSUMS.sha256,d691a97d68b237ef0698c36a3576cdbb07b6c29d,c662771f2666ab472d06b5da3beb5b4b0cea1811204cfdaf875594f97ad17da4,selective import
contracts/v2.1.2_legacy/CONTRACT_MANIFEST.json,KEEP_COMPATIBILITY,2.1.2 compatibility contract required by 2.1.3 bridge validation,contracts/v2.1.2_legacy/CONTRACT_MANIFEST.json,d691a97d68b237ef0698c36a3576cdbb07b6c29d,3d7a91480a7bb75122ce582e200293830411806f942628ec6180a666e9ed2b41,selective import
contracts/v2.1.2_legacy/QUALITY_GATES.md,ARCHIVE_EXTERNAL,stale agent or migration handoff report,DPDD governance and validation specs,d691a97d68b237ef0698c36a3576cdbb07b6c29d,901be8b3163568a41f875918b3168bc1624ef6a55c6f2a691cbe549ebdf9b66a,preserved in archive only
contracts/v2.1.2_legacy/SOURCE_POLICY_GATE.md,ARCHIVE_EXTERNAL,stale agent or migration handoff report,DPDD governance and validation specs,d691a97d68b237ef0698c36a3576cdbb07b6c29d,a156755951426840685ff26444263ae3e116fbecb5f2fd7aeef59aa4b191467d,preserved in archive only
contracts/v2.1.2_legacy/data_dictionary.csv,KEEP_COMPATIBILITY,2.1.2 compatibility contract required by 2.1.3 bridge validation,contracts/v2.1.2_legacy/data_dictionary.csv,d691a97d68b237ef0698c36a3576cdbb07b6c29d,0eac0d20888efd6fd59b944284c3e1460ad1184596120d72f14a5e0461971ffa,selective import
contracts/v2.1.2_legacy/data_dictionary.xlsx,KEEP_COMPATIBILITY,2.1.2 compatibility contract required by 2.1.3 bridge validation,contracts/v2.1.2_legacy/data_dictionary.xlsx,d691a97d68b237ef0698c36a3576cdbb07b6c29d,f92eea898856ce50ec4ae3d2346dd259000045af564d59ee46e5d9b3fb6df531,selective import
contracts/v2.1.2_legacy/erd.mmd,KEEP_COMPATIBILITY,2.1.2 compatibility contract required by 2.1.3 bridge validation,contracts/v2.1.2_legacy/erd.mmd,d691a97d68b237ef0698c36a3576cdbb07b6c29d,1067a6fd096689e3a82866ce95fa9143f748295f2a42b5f1a972f5a337bcb606,selective import
contracts/v2.1.2_legacy/metrics.yaml,KEEP_COMPATIBILITY,2.1.2 compatibility contract required by 2.1.3 bridge validation,contracts/v2.1.2_legacy/metrics.yaml,d691a97d68b237ef0698c36a3576cdbb07b6c29d,439e4cdc4c916b452fcdd220f895b692721ff2ebef06b06455f5a78e1bb727c7,selective import
contracts/v2.1.2_legacy/p4_contract.schema.json,KEEP_COMPATIBILITY,2.1.2 compatibility contract required by 2.1.3 bridge validation,contracts/v2.1.2_legacy/p4_contract.schema.json,d691a97d68b237ef0698c36a3576cdbb07b6c29d,6f0c54051688fe04b120c551e98c73cc5bd6771b5b95d80ce241b178e0b4a774,selective import
contracts/v2.1.2_legacy/p4_contract.yaml,KEEP_COMPATIBILITY,2.1.2 compatibility contract required by 2.1.3 bridge validation,contracts/v2.1.2_legacy/p4_contract.yaml,d691a97d68b237ef0698c36a3576cdbb07b6c29d,f92380cdfc16967f1e363800cd9a575e44532f18a86b2f28f8c3e2404ed675e9,selective import
contracts/v2.1.2_legacy/warehouse_duckdb.sql,KEEP_COMPATIBILITY,2.1.2 compatibility contract required by 2.1.3 bridge validation,contracts/v2.1.2_legacy/warehouse_duckdb.sql,d691a97d68b237ef0698c36a3576cdbb07b6c29d,956986874eae5686a20a52721dc303f1913c7391b2ee27da6d582a762f73ad58,selective import
contracts/v2.1.3_bridge/CHECKSUMS.sha256,KEEP_CANONICAL,current bridge contract or extension schema,contracts/v2.1.3_bridge/CHECKSUMS.sha256,d691a97d68b237ef0698c36a3576cdbb07b6c29d,b1a59b0cef2b18037854a1c7f4d0e66c9ae7c2975e3f16cd2d55823efbd65c67,selective import
contracts/v2.1.3_bridge/bridge.schema.json,KEEP_CANONICAL,current bridge contract or extension schema,contracts/v2.1.3_bridge/bridge.schema.json,d691a97d68b237ef0698c36a3576cdbb07b6c29d,bffe2eeef577f95ae0e58fd9e6377a7ea12a1eef77d76b6c4b33f426e880d863,selective import
contracts/v2.1.3_bridge/p4_contract.yaml,KEEP_CANONICAL,current bridge contract or extension schema,contracts/v2.1.3_bridge/p4_contract.yaml,d691a97d68b237ef0698c36a3576cdbb07b6c29d,88d4d4eeb2513b723b64f2be6ab378f0bcec51c7c7c219dded60ba4effff4bbf,selective import
contracts/v2.1.3_bridge/warehouse_duckdb.sql,KEEP_CANONICAL,current bridge contract or extension schema,contracts/v2.1.3_bridge/warehouse_duckdb.sql,d691a97d68b237ef0698c36a3576cdbb07b6c29d,7491083f12cb8af620427bd0e5c876e5a56ddc3493f262ab7b263393a746b1da,selective import
data/external/.gitkeep,DROP_OBSOLETE,empty lifecycle placeholder outside canonical tracked fixture scope,data/fixtures,d691a97d68b237ef0698c36a3576cdbb07b6c29d,01ba4719c80b6fe911b091a7c05124b64eeece964e09c058ef8f9805daca546b,do not import
data/fixtures/README.md,KEEP_CANONICAL,required build or project metadata,data/fixtures/README.md,d691a97d68b237ef0698c36a3576cdbb07b6c29d,dab350c2780bfaffe0fbb812c1de338f37784ca4364d4badce12f23dff3e4218,KEEP
data/marts/.gitkeep,DROP_OBSOLETE,empty lifecycle placeholder outside canonical tracked fixture scope,data/fixtures,d691a97d68b237ef0698c36a3576cdbb07b6c29d,01ba4719c80b6fe911b091a7c05124b64eeece964e09c058ef8f9805daca546b,do not import
data/processed/.gitkeep,DROP_OBSOLETE,empty lifecycle placeholder outside canonical tracked fixture scope,data/fixtures,d691a97d68b237ef0698c36a3576cdbb07b6c29d,01ba4719c80b6fe911b091a7c05124b64eeece964e09c058ef8f9805daca546b,do not import
data/raw/.gitkeep,DROP_OBSOLETE,empty lifecycle placeholder outside canonical tracked fixture scope,data/fixtures,d691a97d68b237ef0698c36a3576cdbb07b6c29d,01ba4719c80b6fe911b091a7c05124b64eeece964e09c058ef8f9805daca546b,do not import
data/reference/.gitkeep,DROP_OBSOLETE,empty lifecycle placeholder outside canonical tracked fixture scope,data/fixtures,d691a97d68b237ef0698c36a3576cdbb07b6c29d,01ba4719c80b6fe911b091a7c05124b64eeece964e09c058ef8f9805daca546b,do not import
data/releases/.gitkeep,DROP_OBSOLETE,empty lifecycle placeholder outside canonical tracked fixture scope,data/fixtures,d691a97d68b237ef0698c36a3576cdbb07b6c29d,01ba4719c80b6fe911b091a7c05124b64eeece964e09c058ef8f9805daca546b,do not import
data/staging/.gitkeep,DROP_OBSOLETE,empty lifecycle placeholder outside canonical tracked fixture scope,data/fixtures,d691a97d68b237ef0698c36a3576cdbb07b6c29d,01ba4719c80b6fe911b091a7c05124b64eeece964e09c058ef8f9805daca546b,do not import
docs/01_SYSTEM_DESIGN_SPEC.md,ARCHIVE_EXTERNAL,superseded migration-era documentation,docs/00_master through docs/11_release,d691a97d68b237ef0698c36a3576cdbb07b6c29d,94085746b3e50de4d7d1eda16e6969ec1fdc3786197ed0ebe998ae07eabc07dd,not imported; preserved in Git bundle archive
docs/02_DETAILED_DESIGN.md,ARCHIVE_EXTERNAL,superseded migration-era documentation,docs/00_master through docs/11_release,d691a97d68b237ef0698c36a3576cdbb07b6c29d,f115fc30a219ac9cf368518ec6fc203743c5b3db080f55a50fa2680cd58c8d38,not imported; preserved in Git bundle archive
docs/03_IMPLEMENTATION_RUNBOOK.md,ARCHIVE_EXTERNAL,superseded migration-era documentation,docs/00_master through docs/11_release,d691a97d68b237ef0698c36a3576cdbb07b6c29d,0372dd43aaeda46150bf2814d234c1d3c19bad666c4c2ad825bc4958de326a96,not imported; preserved in Git bundle archive
docs/ANALYSIS_CONTRACT.md,ARCHIVE_EXTERNAL,superseded migration-era documentation,docs/00_master through docs/11_release,d691a97d68b237ef0698c36a3576cdbb07b6c29d,27f2910a1e0817c3b3a387497fd416449f6c1d07da588d69c86dfc211c0aaa99,not imported; preserved in Git bundle archive
docs/COLLECTION_POLICY.md,ARCHIVE_EXTERNAL,superseded migration-era documentation,docs/00_master through docs/11_release,d691a97d68b237ef0698c36a3576cdbb07b6c29d,294d22b95a6136097c0f95503064f7b6246a2651de6a0990fef07c6a611db20b,not imported; preserved in Git bundle archive
docs/DATA_CONTRACT.md,ARCHIVE_EXTERNAL,superseded migration-era documentation,docs/00_master through docs/11_release,d691a97d68b237ef0698c36a3576cdbb07b6c29d,7e9a1eb937e17052cea4ebba4e9719ddb4bafe85de026caf08f19b3677f6fb0f,not imported; preserved in Git bundle archive
docs/DATA_DICTIONARY.md,ARCHIVE_EXTERNAL,superseded migration-era documentation,docs/00_master through docs/11_release,d691a97d68b237ef0698c36a3576cdbb07b6c29d,060ec123bfe3cf355717c34781516483fb72b8c4fdc1ced5794eee0eb31c4a0e,not imported; preserved in Git bundle archive
docs/DECISION_REGISTER.md,ARCHIVE_EXTERNAL,superseded migration-era documentation,docs/00_master through docs/11_release,d691a97d68b237ef0698c36a3576cdbb07b6c29d,244e097c338b0f092792e9dbd5498a745e0263d4a712deb127e45399cc6d44d4,not imported; preserved in Git bundle archive
docs/DEFECT_REGISTER.md,ARCHIVE_EXTERNAL,superseded migration-era documentation,docs/00_master through docs/11_release,d691a97d68b237ef0698c36a3576cdbb07b6c29d,8929f4d07713c86a7aab9649ec0e267eb9323d2fda62363ede0a697f3a18c9a4,not imported; preserved in Git bundle archive
docs/MIGRATION_AUDIT.md,ARCHIVE_EXTERNAL,superseded migration-era documentation,docs/00_master through docs/11_release,d691a97d68b237ef0698c36a3576cdbb07b6c29d,f84bb504b8446ff92886bda49541cd2da18394d8f7e4c40d522cc6dc9be7cbbf,not imported; preserved in Git bundle archive
docs/MIGRATION_LEDGER.md,ARCHIVE_EXTERNAL,superseded migration-era documentation,docs/00_master through docs/11_release,d691a97d68b237ef0698c36a3576cdbb07b6c29d,f741c589880c8062ad9d5bae8bd970f41225e14dee090e6b7d8ea2518363f1f9,not imported; preserved in Git bundle archive
docs/RESEARCH_DESIGN.md,ARCHIVE_EXTERNAL,superseded migration-era documentation,docs/00_master through docs/11_release,d691a97d68b237ef0698c36a3576cdbb07b6c29d,620950099ca7b9c8fe3e0e1c529b680d53595d2ef9b29e53a7b1378766d3cb56,not imported; preserved in Git bundle archive
docs/SSOT.md,ARCHIVE_EXTERNAL,superseded migration-era documentation,docs/00_master through docs/11_release,d691a97d68b237ef0698c36a3576cdbb07b6c29d,31e920c6c4893ebf5c22b392dca2a089087f1dd5e34eff8dd34736818055f30d,not imported; preserved in Git bundle archive
docs/extensions/KOREA_LABOR_MARKET_AI_EXPOSURE.md,ARCHIVE_EXTERNAL,superseded migration-era documentation,docs/00_master through docs/11_release,d691a97d68b237ef0698c36a3576cdbb07b6c29d,87ba05eb357726a5a959c55914786d519a73f3cbed81fc8e7cc0958f33e44457,not imported; preserved in Git bundle archive
docs/legacy/README.md,ARCHIVE_EXTERNAL,superseded migration-era documentation,docs/00_master through docs/11_release,d691a97d68b237ef0698c36a3576cdbb07b6c29d,9273c3c6afb0aad355428a9aa03ea3301628091629f727f68b22697b8ef68000,not imported; preserved in Git bundle archive
env/README.md,KEEP_CANONICAL,secret-free environment profile retained with network disabled,env/README.md and env/*-replay.env.example,d691a97d68b237ef0698c36a3576cdbb07b6c29d,852e6340410c04e84a24f12ea5ba92774163eae7343769cc964a7277e124b4ad,REFACTOR
env/bootstrap.env.example,DROP_OBSOLETE,approval-bearing canary or production profile is not valid in cleanroom phase,.env.example and network-free env profiles,d691a97d68b237ef0698c36a3576cdbb07b6c29d,9de028b08a2249d800e9fac7968fcf73869e5ea3a0f906ee5f39a1a492cc91af,do not import
env/canary.env.example,DROP_OBSOLETE,approval-bearing canary or production profile is not valid in cleanroom phase,.env.example and network-free env profiles,d691a97d68b237ef0698c36a3576cdbb07b6c29d,19741b80ac31f12180f3986f6fb06589c30cf408f075d4e8f7441158d06be926,do not import
env/fixture.env.example,KEEP_CANONICAL,secret-free environment profile retained with network disabled,env/README.md and env/*-replay.env.example,d691a97d68b237ef0698c36a3576cdbb07b6c29d,837eb8a3ec678405821ccf5e047a85013733b68ec0204a71737ace9842f85c45,REFACTOR
env/observed.env.example,KEEP_CANONICAL,secret-free environment profile retained with network disabled,env/README.md and env/*-replay.env.example,d691a97d68b237ef0698c36a3576cdbb07b6c29d,f7be92797c49cb64808b911aa866767c7865f69190972fb7211e3c8ce1166610,REFACTOR
env/production.env.example,DROP_OBSOLETE,approval-bearing canary or production profile is not valid in cleanroom phase,.env.example and network-free env profiles,d691a97d68b237ef0698c36a3576cdbb07b6c29d,c6261c63378e10346fcc0a408bbef67db66b43b2477a9f516bdee4e077a13ccc,do not import
manifests/checksums/.gitkeep,ARCHIVE_EXTERNAL,migration-specific generated provenance,docs/09_governance/CLEANUP_LEDGER.csv,d691a97d68b237ef0698c36a3576cdbb07b6c29d,01ba4719c80b6fe911b091a7c05124b64eeece964e09c058ef8f9805daca546b,preserved in archive only
manifests/data_registry.yaml,KEEP_CANONICAL,required build or project metadata,manifests/data_registry.yaml,d691a97d68b237ef0698c36a3576cdbb07b6c29d,ada545def98ed331eb78f5e9396eda6486e002fc1b3ee579ec4741d4a8caa6af,KEEP
manifests/legacy_sources.lock.yaml,ARCHIVE_EXTERNAL,migration-specific generated provenance,docs/09_governance/CLEANUP_LEDGER.csv,d691a97d68b237ef0698c36a3576cdbb07b6c29d,9c560cdb583c2916276a888a69e8d704c0ca89d0145d4cb6a51615f5632487ca,preserved in archive only
notebooks/00_ProjectAudit.ipynb,DROP_OBSOLETE,output-free migration scaffold without producer evidence,notebooks/README.md,d691a97d68b237ef0698c36a3576cdbb07b6c29d,994c3109db53e959cf189adf38b55e9afc865707928232bcd7bd7ab5f45a8242,drop unless tied to an executable contract
notebooks/01_ObservedReplay.ipynb,DROP_OBSOLETE,output-free migration scaffold without producer evidence,notebooks/README.md,d691a97d68b237ef0698c36a3576cdbb07b6c29d,2365f4975243b710ad2048e93996c57a79ba48d2de784d18c120a262b3363c7f,drop unless tied to an executable contract
notebooks/02_CanaryPreflight.ipynb,DROP_OBSOLETE,output-free migration scaffold without producer evidence,notebooks/README.md,d691a97d68b237ef0698c36a3576cdbb07b6c29d,a331ef4527b9bdc3da468656300d8868e89f6eb46cbd02eef59837250dd5cad8,drop unless tied to an executable contract
notebooks/03_CollectRelease.ipynb,DROP_OBSOLETE,output-free migration scaffold without producer evidence,notebooks/README.md,d691a97d68b237ef0698c36a3576cdbb07b6c29d,25a3992a8b3a798b3bd6abc83fcdc6a77ffc5bb13d19d7a221fa7c573985fa09,drop unless tied to an executable contract
notebooks/04_ProcessCorpus.ipynb,DROP_OBSOLETE,output-free migration scaffold without producer evidence,notebooks/README.md,d691a97d68b237ef0698c36a3576cdbb07b6c29d,1693c74bc9468af4b9533ae0196f2db448f5c42beee8eed8af22c00aa5638fcf,drop unless tied to an executable contract
notebooks/05_SemanticFeatures.ipynb,DROP_OBSOLETE,output-free migration scaffold without producer evidence,notebooks/README.md,d691a97d68b237ef0698c36a3576cdbb07b6c29d,8aca8b2f6532eafebf77e6e509fe7d241d93ee8c0a2124a845127adfb494d85d,drop unless tied to an executable contract
notebooks/06_NcsMapping.ipynb,DROP_OBSOLETE,output-free migration scaffold without producer evidence,notebooks/README.md,d691a97d68b237ef0698c36a3576cdbb07b6c29d,f1e0ff7bdef338b16f82690059629df523be9b6e0972e4fbf825dc08db44042b,drop unless tied to an executable contract
notebooks/07_DataQaAndMarts.ipynb,DROP_OBSOLETE,output-free migration scaffold without producer evidence,notebooks/README.md,d691a97d68b237ef0698c36a3576cdbb07b6c29d,075e5d2b852f2b61787450ee4cd471e20bd1691f097f24d5dcdd68d9c8a0925e,drop unless tied to an executable contract
notebooks/08_RqAnalysis.ipynb,DROP_OBSOLETE,output-free migration scaffold without producer evidence,notebooks/README.md,d691a97d68b237ef0698c36a3576cdbb07b6c29d,977d48cf57825155d5f928c9dbe8c87a50ea360cac9d9f63d26bbe633638cec1,drop unless tied to an executable contract
pyproject.toml,KEEP_CANONICAL,required build or project metadata,pyproject.toml,d691a97d68b237ef0698c36a3576cdbb07b6c29d,cb09325f15cbd1ec38a21e7f870f7b72e302ddb87a0b6b303b3036c58d779b4b,KEEP
scripts/check_source_notebooks.py,KEEP_CANONICAL,required build or project metadata,scripts/check_source_notebooks.py,d691a97d68b237ef0698c36a3576cdbb07b6c29d,7a848b25ac075e70b604160b5dcd89cb36f867a5128b26a13095fd7c3ac8e631,KEEP
scripts/generate_notebooks.py,DROP_OBSOLETE,output-free migration scaffold without producer evidence,notebooks/README.md,d691a97d68b237ef0698c36a3576cdbb07b6c29d,646b82737e5562f8692b059ea0cb9d7da4c5da5dfe0766efd2362a14eb06c040,drop unless tied to an executable contract
scripts/secret_scan.py,KEEP_CANONICAL,required build or project metadata,scripts/secret_scan.py,d691a97d68b237ef0698c36a3576cdbb07b6c29d,2122ef35722cb355252a91fe5bf36d29a58df7462b1f7bc1fe4ac4df8e09d8a5,KEEP
scripts/validate_bootstrap.py,KEEP_CANONICAL,required build or project metadata,scripts/validate_bootstrap.py,d691a97d68b237ef0698c36a3576cdbb07b6c29d,794ae197d43b0713f9aeb5374300b4740bd56aad2bfdd4e353726fd861ccd780,KEEP
src/p4/__init__.py,KEEP_CANONICAL,selected implementation base; governed by new tests and docs,src/p4/__init__.py,d691a97d68b237ef0698c36a3576cdbb07b6c29d,8e328c9cacb94c02cac9884f570285489be26b46770a56222a22888bb0d73515,KEEP
src/p4/cli.py,KEEP_CANONICAL,selected implementation base; governed by new tests and docs,src/p4/cli.py,d691a97d68b237ef0698c36a3576cdbb07b6c29d,a820ef7a94adc25d7cafe87d0c0d79cb3ed699732a5c8a424575c2963d29be3c,REFACTOR
src/p4/collection/__init__.py,KEEP_CANONICAL,bounded collection primitive selected after code audit,src/p4/collection/__init__.py,d691a97d68b237ef0698c36a3576cdbb07b6c29d,2108b4f2acd9b8c966c4f6754e0952d45becf500b9cf6f1ff06a50167f9a19e8,KEEP
src/p4/collection/approval.py,KEEP_CANONICAL,bounded collection primitive selected after code audit,src/p4/collection/approval.py,d691a97d68b237ef0698c36a3576cdbb07b6c29d,17d7ba799a428e0e92a7419de31225ca1df31dd102c2574fc0bd2ea218ea686e,REFACTOR
src/p4/collection/assets.py,KEEP_CANONICAL,bounded collection primitive selected after code audit,src/p4/collection/assets.py,d691a97d68b237ef0698c36a3576cdbb07b6c29d,6fb122c44d7cde07b656fa31b4f4993d526641057b70d5733bf3855e622cf159,KEEP
src/p4/collection/canary.py,KEEP_CANONICAL,bounded collection primitive selected after code audit,src/p4/collection/canary.py,d691a97d68b237ef0698c36a3576cdbb07b6c29d,7b64df9259866e6a7221902fcec778fbd45a5f311a3bcbafd3f9cc5e8dddda32,REFACTOR
src/p4/collection/detail.py,KEEP_CANONICAL,bounded collection primitive selected after code audit,src/p4/collection/detail.py,d691a97d68b237ef0698c36a3576cdbb07b6c29d,3281090fd577a185d6fcb5dc0eda59e4fa29b258a8e485de4f61b474c37b97de,KEEP
src/p4/collection/index.py,KEEP_CANONICAL,bounded collection primitive selected after code audit,src/p4/collection/index.py,d691a97d68b237ef0698c36a3576cdbb07b6c29d,88c1fc8e831265cdfe9f4b2c9c31ae00be60df43a346dc36410463f264746602,REFACTOR
src/p4/collection/policy.py,KEEP_CANONICAL,bounded collection primitive selected after code audit,src/p4/collection/policy.py,d691a97d68b237ef0698c36a3576cdbb07b6c29d,9c142467c3ba4aa1d10bd28348804e053a400750b009552c728e0b2a345cdd6b,REFACTOR
src/p4/collection/recorder.py,KEEP_CANONICAL,bounded collection primitive selected after code audit,src/p4/collection/recorder.py,d691a97d68b237ef0698c36a3576cdbb07b6c29d,7286e0a59651597f1e9ba73a7a49bfbbbe13eb6187bc92564769e30786f03491,REFACTOR
src/p4/config.py,KEEP_CANONICAL,selected implementation base; governed by new tests and docs,src/p4/config.py,d691a97d68b237ef0698c36a3576cdbb07b6c29d,01a62baddb0bd39c54169aafaca3b89125b9e55573416997abdf84b2be5723b6,REFACTOR
src/p4/io/__init__.py,KEEP_CANONICAL,selected implementation base; governed by new tests and docs,src/p4/io/__init__.py,d691a97d68b237ef0698c36a3576cdbb07b6c29d,d35c3ecf3aa9339b004633b5aa5fe4824929813b3bacd7aba5f705a6d02f0f84,KEEP
src/p4/io/hashing.py,KEEP_CANONICAL,selected implementation base; governed by new tests and docs,src/p4/io/hashing.py,d691a97d68b237ef0698c36a3576cdbb07b6c29d,97b2c0d24ebdcb2306ab44229864a981404cd027759e94f47e3ac22cd370ebbc,KEEP
src/p4/io/paths.py,KEEP_CANONICAL,selected implementation base; governed by new tests and docs,src/p4/io/paths.py,d691a97d68b237ef0698c36a3576cdbb07b6c29d,f5913484e5fe4bbe31e20641f9ef450a29dab9434de902467271e322baaac8c2,KEEP
src/p4/marts/__init__.py,KEEP_CANONICAL,selected implementation base; governed by new tests and docs,src/p4/marts/__init__.py,d691a97d68b237ef0698c36a3576cdbb07b6c29d,f527012c88263173e5e7dccec3b36e7be8ecd0c4ad48b4d84d168a97c0f0da2d,KEEP
src/p4/marts/posting.py,KEEP_CANONICAL,selected implementation base; governed by new tests and docs,src/p4/marts/posting.py,d691a97d68b237ef0698c36a3576cdbb07b6c29d,925cc3891dc40c8b898748a8da25df8103d539e5c0a4051a3c43099aba5bc8e9,KEEP
src/p4/marts/results.py,KEEP_CANONICAL,selected implementation base; governed by new tests and docs,src/p4/marts/results.py,d691a97d68b237ef0698c36a3576cdbb07b6c29d,0c6d0de143507906690808ad7afe226c164cbd7b384f5cfb1c09bd07fd4532be,KEEP
src/p4/marts/timeseries.py,KEEP_CANONICAL,selected implementation base; governed by new tests and docs,src/p4/marts/timeseries.py,d691a97d68b237ef0698c36a3576cdbb07b6c29d,3b39920500ddeda726de7e19f543d5dcaa3fb51946b6426897ab0df4a002f1b3,KEEP
src/p4/ncs/__init__.py,KEEP_CANONICAL,selected implementation base; governed by new tests and docs,src/p4/ncs/__init__.py,d691a97d68b237ef0698c36a3576cdbb07b6c29d,487e9b9ea56d72454652e2df74c61a899c42db5e42b9945b71c3a2eabc223f27,KEEP
src/p4/ncs/calibration.py,DROP_OBSOLETE,status-only skeleton without evaluation capability,future Contract 2.4 implementation,d691a97d68b237ef0698c36a3576cdbb07b6c29d,f9bb201a93c60d4eb7bcb589ed9c754de4ab974cc51fe9ba6eade30b906c23bc,not promoted as implemented
src/p4/ncs/corpus.py,KEEP_CANONICAL,selected implementation base; governed by new tests and docs,src/p4/ncs/corpus.py,d691a97d68b237ef0698c36a3576cdbb07b6c29d,7e809bb8eeead4eda126b038b522e049531ed996df2c49276153d9f3447f34b3,KEEP
src/p4/ncs/evaluation.py,DROP_OBSOLETE,status-only skeleton without evaluation capability,future Contract 2.4 implementation,d691a97d68b237ef0698c36a3576cdbb07b6c29d,6c7d0f1fd401e40f31ef0c1e660b737f497aa8f99443f87695a5c1f2a44f9f4b,not promoted as implemented
src/p4/ncs/reference.py,KEEP_CANONICAL,selected implementation base; governed by new tests and docs,src/p4/ncs/reference.py,d691a97d68b237ef0698c36a3576cdbb07b6c29d,ed39bf15ecfda34b865d90a963f801efe1fce75af641fc4f50763d46732898bc,KEEP
src/p4/ncs/retrieval.py,KEEP_CANONICAL,selected implementation base; governed by new tests and docs,src/p4/ncs/retrieval.py,d691a97d68b237ef0698c36a3576cdbb07b6c29d,f6156e15a6ed497edf1e5cb17029ad93bacc8cbdf3d7c9fb8aed4294ec6299d5,KEEP
src/p4/ncs/source.py,KEEP_CANONICAL,selected implementation base; governed by new tests and docs,src/p4/ncs/source.py,d691a97d68b237ef0698c36a3576cdbb07b6c29d,fe45100d8b835e5e76d568112b3463cb80893f3ef203923dd26fbc0514842a5b,KEEP
src/p4/processing/__init__.py,KEEP_CANONICAL,selected implementation base; governed by new tests and docs,src/p4/processing/__init__.py,d691a97d68b237ef0698c36a3576cdbb07b6c29d,a78d6309b0921cf765d94c97927fdd67e0aaf366250c140fdf466b8ecbb8c3e1,KEEP
src/p4/processing/dedup.py,KEEP_CANONICAL,selected implementation base; governed by new tests and docs,src/p4/processing/dedup.py,d691a97d68b237ef0698c36a3576cdbb07b6c29d,65936680dc336d7688dad477acbb31eb2f9b2e55162f58274a4d4f0056850160,KEEP
src/p4/processing/eligibility.py,KEEP_CANONICAL,selected implementation base; governed by new tests and docs,src/p4/processing/eligibility.py,d691a97d68b237ef0698c36a3576cdbb07b6c29d,c4522366d8c51a0d5b4dc6ba24d359fdcc738dd8caa59e6126bfdd2539eeb30a,KEEP
src/p4/processing/labels.py,KEEP_CANONICAL,selected implementation base; governed by new tests and docs,src/p4/processing/labels.py,d691a97d68b237ef0698c36a3576cdbb07b6c29d,5762db67d84362f953ed379ee3177fa6d396c8dc6cb7588d9b9bf1ac4db591cb,KEEP
src/p4/processing/replay.py,DROP_OBSOLETE,depends on legacy precomputed semantic tables,src/p4/processing/producers.py,d691a97d68b237ef0698c36a3576cdbb07b6c29d,a2fa7730181ce40a22b8c8c7b702ee9d6af46b979f32eaa46c526fc812f3e3d6,replace with raw-to-semantic producer
src/p4/processing/requirements.py,KEEP_CANONICAL,selected implementation base; governed by new tests and docs,src/p4/processing/requirements.py,d691a97d68b237ef0698c36a3576cdbb07b6c29d,4e2e89535aae0037ba230621613dabe5d7fc88f22a088858b7cc3d631dc1799c,KEEP
src/p4/processing/tracks.py,KEEP_CANONICAL,selected implementation base; governed by new tests and docs,src/p4/processing/tracks.py,d691a97d68b237ef0698c36a3576cdbb07b6c29d,0c45900130b1fc26661f97e1e91c4ffb1862a43cafc8b4308ba2941db2deaaef,KEEP
src/p4/qa/__init__.py,KEEP_CANONICAL,selected implementation base; governed by new tests and docs,src/p4/qa/__init__.py,d691a97d68b237ef0698c36a3576cdbb07b6c29d,06123faaf80f092c819a03ebe1faa99e4baf04e742eba594fe856d21854285fa,KEEP
src/p4/qa/gates.py,DROP_OBSOLETE,status-only bootstrap wrapper replaced by evidence-derived QA,src/p4/qa/bundle.py and src/p4/docs/status.py,d691a97d68b237ef0698c36a3576cdbb07b6c29d,a8a48f80c09d7cf2a3070880aac88c7a0049d2b7c30599f44cf47dfbf1f2da4d,drop
src/p4/qa/lineage.py,KEEP_CANONICAL,selected implementation base; governed by new tests and docs,src/p4/qa/lineage.py,d691a97d68b237ef0698c36a3576cdbb07b6c29d,ac1a7cd373064d1984b13dacca86d6efe1791d4cee1cc7c3c279d54897e9b240,KEEP
src/p4/qa/schema.py,KEEP_CANONICAL,selected implementation base; governed by new tests and docs,src/p4/qa/schema.py,d691a97d68b237ef0698c36a3576cdbb07b6c29d,193a841cd3b32e00f43be114133f7a62b464913d41b72f23f51e3bcbaf06c2db,KEEP
src/p4/qa/semantics.py,DROP_OBSOLETE,status-only bootstrap wrapper replaced by evidence-derived QA,src/p4/qa/bundle.py and src/p4/docs/status.py,d691a97d68b237ef0698c36a3576cdbb07b6c29d,fad10ecc8fec330703a574af45b19695fabfd8f784983c785a47f3f53d7643c1,drop
tests/collection/test_policy.py,KEEP_CANONICAL,network-free regression test selected for cleanroom,tests/collection/test_policy.py,d691a97d68b237ef0698c36a3576cdbb07b6c29d,f118e0dcb9c5668a857d7021434e4e590644981b154b3b7a8d8288a9ee5abc18,REFACTOR
tests/collection/test_recorder.py,KEEP_CANONICAL,network-free regression test selected for cleanroom,tests/collection/test_recorder.py,d691a97d68b237ef0698c36a3576cdbb07b6c29d,cf9952fd9d95d4fa45e53962d921ce2fde7a42ff9030a74789118f8058b6ece0,REFACTOR
tests/integration/test_contract.py,KEEP_CANONICAL,network-free regression test selected for cleanroom,tests/integration/test_contract.py,d691a97d68b237ef0698c36a3576cdbb07b6c29d,2eecd99d10fc230bdefe7d4581cedc92e99317084cfea42ff2943ec435c823bf,REFACTOR
tests/integration/test_empty_bootstrap.py,DROP_OBSOLETE,pure-bootstrap assertion superseded by cleanroom synthetic E2E,tests/integration/test_synthetic_raw_semantic_e2e.py,d691a97d68b237ef0698c36a3576cdbb07b6c29d,1e37ac52d93a85f150420878d68dbc314c264d2e8152dd054e220ef8346f40ad,drop
tests/marts/test_marts.py,KEEP_CANONICAL,network-free regression test selected for cleanroom,tests/marts/test_marts.py,d691a97d68b237ef0698c36a3576cdbb07b6c29d,4196452d1d78aee3ebda9f3e7e8c5e3de3b9f6c29c9f895cb904cdd61203aa58,REFACTOR
tests/ncs/test_ncs.py,KEEP_CANONICAL,network-free regression test selected for cleanroom,tests/ncs/test_ncs.py,d691a97d68b237ef0698c36a3576cdbb07b6c29d,c2db23e50514ca780f554ef39646726d5fa19516e82efbb9c1d12807e48917fc,REFACTOR
tests/processing/test_eligibility.py,KEEP_CANONICAL,network-free regression test selected for cleanroom,tests/processing/test_eligibility.py,d691a97d68b237ef0698c36a3576cdbb07b6c29d,8d85ad7eaa6b508b30c2cde3e8cac83543160df489bf9f2332166c9f50d1782d,REFACTOR
tests/processing/test_requirements.py,KEEP_CANONICAL,network-free regression test selected for cleanroom,tests/processing/test_requirements.py,d691a97d68b237ef0698c36a3576cdbb07b6c29d,7b1650ee9c1f66523600515c8f8e8ba1694f032a0b11c909ce9bc0bd18405131,REFACTOR
tests/processing/test_tracks_dedup.py,KEEP_CANONICAL,network-free regression test selected for cleanroom,tests/processing/test_tracks_dedup.py,d691a97d68b237ef0698c36a3576cdbb07b6c29d,522b36f0ff0caa2fb07cbb70b27218bd6803d343f26eaacf575a0639ca42a0ad,REFACTOR
tests/test_config.py,KEEP_CANONICAL,network-free regression test selected for cleanroom,tests/test_config.py,d691a97d68b237ef0698c36a3576cdbb07b6c29d,e8e277fb10dee5266ca446bcbf71e74716e2b59c11ecc586a0d5d5c9bd4864b9,REFACTOR
uv.lock,KEEP_CANONICAL,required build or project metadata,uv.lock,d691a97d68b237ef0698c36a3576cdbb07b6c29d,f601462a18d2d48bec388316484ccdf9d506d316d35256cbe6cd9e1aaab5fc15,KEEP
