artifactId,path,version,sha256,status,fileClass,generatorVersion,generatedAt,codeCommit,inputArtifactSha
CONFIG__GATES_YAML,config/gates.yaml,1.0.0,963fe93fe6ae8ac04251bfc0112ba830eb3471518bfa6e52f7616d4a5d1d9b82,ACTIVE,GENERATED_FILE,p4-docs-1.0.0,2026-08-09T15:38:01+09:00,ec678fc5dedc0234e7b36edca891d8183f018736,0fefd5fea824d6bc89d629c9ddc473740dc9814e0178e68aa6d99aa83c9e3a01
CONFIG__NCS_SCOPE_YAML,config/ncs_scope.yaml,1.0.0,1cbd6b06206059edc500d4361a1c7fc0f3d3082b64e430a2ae498133d6d901bd,ACTIVE,GENERATED_FILE,p4-docs-1.0.0,2026-08-09T15:38:01+09:00,ec678fc5dedc0234e7b36edca891d8183f018736,0fefd5fea824d6bc89d629c9ddc473740dc9814e0178e68aa6d99aa83c9e3a01
CONFIG__PERIODS_YAML,config/periods.yaml,1.0.0,f84faf17ff14d41ed7ecc7e3e37bdec31b07d4d0235d12a5b277c3b4a7b717ef,ACTIVE,GENERATED_FILE,p4-docs-1.0.0,2026-08-09T15:38:01+09:00,ec678fc5dedc0234e7b36edca891d8183f018736,0fefd5fea824d6bc89d629c9ddc473740dc9814e0178e68aa6d99aa83c9e3a01
CONFIG__PROJECT_YAML,config/project.yaml,1.0.0,7913d59b2c925fd796989fc9c62f60a9acf9631c8f71e647672d9fd2b04521db,ACTIVE,GENERATED_FILE,p4-docs-1.0.0,2026-08-09T15:38:01+09:00,ec678fc5dedc0234e7b36edca891d8183f018736,0fefd5fea824d6bc89d629c9ddc473740dc9814e0178e68aa6d99aa83c9e3a01
CONFIG__QUERY_REGISTRY_YAML,config/query_registry.yaml,1.0.0,d99e554e993e274586884abef1098ac1369e50ce1501a7e5149a1bbc18748091,ACTIVE,GENERATED_FILE,p4-docs-1.0.0,2026-08-09T15:38:01+09:00,ec678fc5dedc0234e7b36edca891d8183f018736,0fefd5fea824d6bc89d629c9ddc473740dc9814e0178e68aa6d99aa83c9e3a01
CONFIG__RUN_MODES_YAML,config/run_modes.yaml,1.0.0,13051f88a215f8eee056a2eae407461df16a2831d57b274fade157a8366dc773,ACTIVE,GENERATED_FILE,p4-docs-1.0.0,2026-08-09T15:38:01+09:00,ec678fc5dedc0234e7b36edca891d8183f018736,0fefd5fea824d6bc89d629c9ddc473740dc9814e0178e68aa6d99aa83c9e3a01
CONFIG__SOURCE_POLICY_YAML,config/source_policy.yaml,1.0.0,dd8827ed5e6bfbffb911127f5de4945c231280d6e1d8750cc7efaed8625cee84,ACTIVE,GENERATED_FILE,p4-docs-1.0.0,2026-08-09T15:38:01+09:00,ec678fc5dedc0234e7b36edca891d8183f018736,0fefd5fea824d6bc89d629c9ddc473740dc9814e0178e68aa6d99aa83c9e3a01
CONTRACTS__REGISTRY_YAML,contracts/registry.yaml,1.0.0,6de3058ee3c5d22e41dd01f759227a6a976839c2bb41918ddcf13c55631f6b5d,ACTIVE,GENERATED_FILE,p4-docs-1.0.0,2026-08-09T15:38:01+09:00,ec678fc5dedc0234e7b36edca891d8183f018736,0fefd5fea824d6bc89d629c9ddc473740dc9814e0178e68aa6d99aa83c9e3a01
CONTRACTS__SCHEMAS__V4_EXTENSIONS__API_ENDPOINT_CONTRACT_SCHEMA_JSON,contracts/schemas/v4_extensions/api_endpoint_contract.schema.json,1.0.0,63c7daf20ccbc397234babf2b61e961c58103877d5bc472d7872891bd580bcd3,ACTIVE,GENERATED_FILE,p4-docs-1.0.0,2026-08-09T15:38:01+09:00,ec678fc5dedc0234e7b36edca891d8183f018736,0fefd5fea824d6bc89d629c9ddc473740dc9814e0178e68aa6d99aa83c9e3a01
CONTRACTS__SCHEMAS__V4_EXTENSIONS__API_PROBE_RUN_SCHEMA_JSON,contracts/schemas/v4_extensions/api_probe_run.schema.json,1.0.0,3026c0a70d0a4c866a00634a71df566911fff409fbd588fd6ffa5a7d9a6d9bd5,ACTIVE,GENERATED_FILE,p4-docs-1.0.0,2026-08-09T15:38:01+09:00,ec678fc5dedc0234e7b36edca891d8183f018736,0fefd5fea824d6bc89d629c9ddc473740dc9814e0178e68aa6d99aa83c9e3a01
CONTRACTS__SCHEMAS__V4_EXTENSIONS__CALIBRATION_MODEL_SCHEMA_JSON,contracts/schemas/v4_extensions/calibration_model.schema.json,1.0.0,0194b3c77934e1f9794243690a8640fb52e25b9b06eadb118a496c14be9272a4,ACTIVE,GENERATED_FILE,p4-docs-1.0.0,2026-08-09T15:38:01+09:00,ec678fc5dedc0234e7b36edca891d8183f018736,0fefd5fea824d6bc89d629c9ddc473740dc9814e0178e68aa6d99aa83c9e3a01
CONTRACTS__SCHEMAS__V4_EXTENSIONS__CANDIDATE_PACKET_SCHEMA_JSON,contracts/schemas/v4_extensions/candidate_packet.schema.json,1.0.0,a6dd2b679d92a72a81c875bf3fa796f079c5d8df436432c2a633fc6a458c5497,ACTIVE,GENERATED_FILE,p4-docs-1.0.0,2026-08-09T15:38:01+09:00,ec678fc5dedc0234e7b36edca891d8183f018736,0fefd5fea824d6bc89d629c9ddc473740dc9814e0178e68aa6d99aa83c9e3a01
CONTRACTS__SCHEMAS__V4_EXTENSIONS__NCS_DUTY_UNIT_BRIDGE_SCHEMA_JSON,contracts/schemas/v4_extensions/ncs_duty_unit_bridge.schema.json,1.0.0,3f5bd68d7433e052ac4fa7a1d7db49b31a7a0ec43106f5ae611295d9e38fa0db,ACTIVE,GENERATED_FILE,p4-docs-1.0.0,2026-08-09T15:38:01+09:00,ec678fc5dedc0234e7b36edca891d8183f018736,0fefd5fea824d6bc89d629c9ddc473740dc9814e0178e68aa6d99aa83c9e3a01
CONTRACTS__SCHEMAS__V4_EXTENSIONS__NCS_EDGE_SCHEMA_JSON,contracts/schemas/v4_extensions/ncs_edge.schema.json,1.0.0,8cfbbc4b36083a3623ffd1851f692cd46f1e64670de4b2b50d5c3165dfb7b17d,ACTIVE,GENERATED_FILE,p4-docs-1.0.0,2026-08-09T15:38:01+09:00,ec678fc5dedc0234e7b36edca891d8183f018736,0fefd5fea824d6bc89d629c9ddc473740dc9814e0178e68aa6d99aa83c9e3a01
CONTRACTS__SCHEMAS__V4_EXTENSIONS__NCS_EXTERNAL_CODE_CROSSWALK_SCHEMA_JSON,contracts/schemas/v4_extensions/ncs_external_code_crosswalk.schema.json,1.0.0,2770cb3aa46c8679236b4a61d104892b206980170c0a9919210cff8b3b88ff16,ACTIVE,GENERATED_FILE,p4-docs-1.0.0,2026-08-09T15:38:01+09:00,ec678fc5dedc0234e7b36edca891d8183f018736,0fefd5fea824d6bc89d629c9ddc473740dc9814e0178e68aa6d99aa83c9e3a01
CONTRACTS__SCHEMAS__V4_EXTENSIONS__NCS_NODE_SCHEMA_JSON,contracts/schemas/v4_extensions/ncs_node.schema.json,1.0.0,9b12145dccfb79e175d13cfa3b72c91f017599bbe58c21050e2416ae7c1024be,ACTIVE,GENERATED_FILE,p4-docs-1.0.0,2026-08-09T15:38:01+09:00,ec678fc5dedc0234e7b36edca891d8183f018736,0fefd5fea824d6bc89d629c9ddc473740dc9814e0178e68aa6d99aa83c9e3a01
CONTRACTS__SCHEMAS__V4_EXTENSIONS__OCR_QUALITY_SCHEMA_JSON,contracts/schemas/v4_extensions/ocr_quality.schema.json,1.0.0,0e5372eb2fc9b03b311dd1b2d68a6f09eae2541a5c2fdd318f04e40e532637ac,ACTIVE,GENERATED_FILE,p4-docs-1.0.0,2026-08-09T15:38:01+09:00,ec678fc5dedc0234e7b36edca891d8183f018736,0fefd5fea824d6bc89d629c9ddc473740dc9814e0178e68aa6d99aa83c9e3a01
CONTRACTS__SCHEMAS__V4_EXTENSIONS__REFERENCE_LABEL_SCHEMA_JSON,contracts/schemas/v4_extensions/reference_label.schema.json,1.0.0,c2d234e9d11852450606be89408a4c5f503b297c2986b32dee2082ea902d3d8d,ACTIVE,GENERATED_FILE,p4-docs-1.0.0,2026-08-09T15:38:01+09:00,ec678fc5dedc0234e7b36edca891d8183f018736,0fefd5fea824d6bc89d629c9ddc473740dc9814e0178e68aa6d99aa83c9e3a01
CONTRACTS__SCHEMAS__V4_EXTENSIONS__SEMANTIC_CHUNK_SCHEMA_JSON,contracts/schemas/v4_extensions/semantic_chunk.schema.json,1.0.0,424b13e02a20057575a7e9bd6454d5e293ba70d504ffbad430ad2ea6646707fe,ACTIVE,GENERATED_FILE,p4-docs-1.0.0,2026-08-09T15:38:01+09:00,ec678fc5dedc0234e7b36edca891d8183f018736,0fefd5fea824d6bc89d629c9ddc473740dc9814e0178e68aa6d99aa83c9e3a01
CONTRACTS__SCHEMAS__V4_EXTENSIONS__SOURCE_BLOCK_SCHEMA_JSON,contracts/schemas/v4_extensions/source_block.schema.json,1.0.0,4a6603deded33dcfef54e32900dceefcfa288b88361d5f3ccbf6b311dfe06b38,ACTIVE,GENERATED_FILE,p4-docs-1.0.0,2026-08-09T15:38:01+09:00,ec678fc5dedc0234e7b36edca891d8183f018736,0fefd5fea824d6bc89d629c9ddc473740dc9814e0178e68aa6d99aa83c9e3a01
CONTRACTS__V2_1_2_LEGACY__CHECKSUMS_SHA256,contracts/v2.1.2_legacy/CHECKSUMS.sha256,1.0.0,c662771f2666ab472d06b5da3beb5b4b0cea1811204cfdaf875594f97ad17da4,ACTIVE,GENERATED_FILE,p4-docs-1.0.0,2026-08-09T15:38:01+09:00,ec678fc5dedc0234e7b36edca891d8183f018736,0fefd5fea824d6bc89d629c9ddc473740dc9814e0178e68aa6d99aa83c9e3a01
CONTRACTS__V2_1_2_LEGACY__CONTRACT_MANIFEST_JSON,contracts/v2.1.2_legacy/CONTRACT_MANIFEST.json,1.0.0,3d7a91480a7bb75122ce582e200293830411806f942628ec6180a666e9ed2b41,ACTIVE,GENERATED_FILE,p4-docs-1.0.0,2026-08-09T15:38:01+09:00,ec678fc5dedc0234e7b36edca891d8183f018736,0fefd5fea824d6bc89d629c9ddc473740dc9814e0178e68aa6d99aa83c9e3a01
CONTRACTS__V2_1_2_LEGACY__DATA_DICTIONARY_CSV,contracts/v2.1.2_legacy/data_dictionary.csv,1.0.0,0eac0d20888efd6fd59b944284c3e1460ad1184596120d72f14a5e0461971ffa,ACTIVE,GENERATED_FILE,p4-docs-1.0.0,2026-08-09T15:38:01+09:00,ec678fc5dedc0234e7b36edca891d8183f018736,0fefd5fea824d6bc89d629c9ddc473740dc9814e0178e68aa6d99aa83c9e3a01
CONTRACTS__V2_1_2_LEGACY__DATA_DICTIONARY_XLSX,contracts/v2.1.2_legacy/data_dictionary.xlsx,1.0.0,f92eea898856ce50ec4ae3d2346dd259000045af564d59ee46e5d9b3fb6df531,ACTIVE,GENERATED_FILE,p4-docs-1.0.0,2026-08-09T15:38:01+09:00,ec678fc5dedc0234e7b36edca891d8183f018736,0fefd5fea824d6bc89d629c9ddc473740dc9814e0178e68aa6d99aa83c9e3a01
CONTRACTS__V2_1_2_LEGACY__ERD_MMD,contracts/v2.1.2_legacy/erd.mmd,1.0.0,1067a6fd096689e3a82866ce95fa9143f748295f2a42b5f1a972f5a337bcb606,ACTIVE,GENERATED_FILE,p4-docs-1.0.0,2026-08-09T15:38:01+09:00,ec678fc5dedc0234e7b36edca891d8183f018736,0fefd5fea824d6bc89d629c9ddc473740dc9814e0178e68aa6d99aa83c9e3a01
CONTRACTS__V2_1_2_LEGACY__METRICS_YAML,contracts/v2.1.2_legacy/metrics.yaml,1.0.0,439e4cdc4c916b452fcdd220f895b692721ff2ebef06b06455f5a78e1bb727c7,ACTIVE,GENERATED_FILE,p4-docs-1.0.0,2026-08-09T15:38:01+09:00,ec678fc5dedc0234e7b36edca891d8183f018736,0fefd5fea824d6bc89d629c9ddc473740dc9814e0178e68aa6d99aa83c9e3a01
CONTRACTS__V2_1_2_LEGACY__P4_CONTRACT_SCHEMA_JSON,contracts/v2.1.2_legacy/p4_contract.schema.json,1.0.0,6f0c54051688fe04b120c551e98c73cc5bd6771b5b95d80ce241b178e0b4a774,ACTIVE,GENERATED_FILE,p4-docs-1.0.0,2026-08-09T15:38:01+09:00,ec678fc5dedc0234e7b36edca891d8183f018736,0fefd5fea824d6bc89d629c9ddc473740dc9814e0178e68aa6d99aa83c9e3a01
CONTRACTS__V2_1_2_LEGACY__P4_CONTRACT_YAML,contracts/v2.1.2_legacy/p4_contract.yaml,1.0.0,f92380cdfc16967f1e363800cd9a575e44532f18a86b2f28f8c3e2404ed675e9,ACTIVE,GENERATED_FILE,p4-docs-1.0.0,2026-08-09T15:38:01+09:00,ec678fc5dedc0234e7b36edca891d8183f018736,0fefd5fea824d6bc89d629c9ddc473740dc9814e0178e68aa6d99aa83c9e3a01
CONTRACTS__V2_1_2_LEGACY__WAREHOUSE_DUCKDB_SQL,contracts/v2.1.2_legacy/warehouse_duckdb.sql,1.0.0,956986874eae5686a20a52721dc303f1913c7391b2ee27da6d582a762f73ad58,ACTIVE,GENERATED_FILE,p4-docs-1.0.0,2026-08-09T15:38:01+09:00,ec678fc5dedc0234e7b36edca891d8183f018736,0fefd5fea824d6bc89d629c9ddc473740dc9814e0178e68aa6d99aa83c9e3a01
CONTRACTS__V2_1_3_BRIDGE__CHECKSUMS_SHA256,contracts/v2.1.3_bridge/CHECKSUMS.sha256,1.0.0,b1a59b0cef2b18037854a1c7f4d0e66c9ae7c2975e3f16cd2d55823efbd65c67,ACTIVE,GENERATED_FILE,p4-docs-1.0.0,2026-08-09T15:38:01+09:00,ec678fc5dedc0234e7b36edca891d8183f018736,0fefd5fea824d6bc89d629c9ddc473740dc9814e0178e68aa6d99aa83c9e3a01
CONTRACTS__V2_1_3_BRIDGE__BRIDGE_SCHEMA_JSON,contracts/v2.1.3_bridge/bridge.schema.json,1.0.0,bffe2eeef577f95ae0e58fd9e6377a7ea12a1eef77d76b6c4b33f426e880d863,ACTIVE,GENERATED_FILE,p4-docs-1.0.0,2026-08-09T15:38:01+09:00,ec678fc5dedc0234e7b36edca891d8183f018736,0fefd5fea824d6bc89d629c9ddc473740dc9814e0178e68aa6d99aa83c9e3a01
CONTRACTS__V2_1_3_BRIDGE__P4_CONTRACT_YAML,contracts/v2.1.3_bridge/p4_contract.yaml,1.0.0,88d4d4eeb2513b723b64f2be6ab378f0bcec51c7c7c219dded60ba4effff4bbf,ACTIVE,GENERATED_FILE,p4-docs-1.0.0,2026-08-09T15:38:01+09:00,ec678fc5dedc0234e7b36edca891d8183f018736,0fefd5fea824d6bc89d629c9ddc473740dc9814e0178e68aa6d99aa83c9e3a01
CONTRACTS__V2_1_3_BRIDGE__WAREHOUSE_DUCKDB_SQL,contracts/v2.1.3_bridge/warehouse_duckdb.sql,1.0.0,7491083f12cb8af620427bd0e5c876e5a56ddc3493f262ab7b263393a746b1da,ACTIVE,GENERATED_FILE,p4-docs-1.0.0,2026-08-09T15:38:01+09:00,ec678fc5dedc0234e7b36edca891d8183f018736,0fefd5fea824d6bc89d629c9ddc473740dc9814e0178e68aa6d99aa83c9e3a01
DOCS__00_MASTER__P4_CHANGELOG_MD,docs/00_master/P4_CHANGELOG.md,1.0.0,e46e9d44f4f17636c967dfd6679347162df679f914a059066265f91cbe7c9b35,ACTIVE,GENERATED_FILE,p4-docs-1.0.0,2026-08-09T15:38:01+09:00,ec678fc5dedc0234e7b36edca891d8183f018736,0fefd5fea824d6bc89d629c9ddc473740dc9814e0178e68aa6d99aa83c9e3a01
DOCS__00_MASTER__P4_CURRENT_STATE_MD,docs/00_master/P4_CURRENT_STATE.md,1.0.0,eb8b9d84a2e0e38b79f480ddd333ec41a75519dde9f4e686231dc124cdbc860d,GENERATED_CURRENT,GENERATED_FILE,p4-docs-1.0.0,2026-08-09T15:38:01+09:00,ec678fc5dedc0234e7b36edca891d8183f018736,0fefd5fea824d6bc89d629c9ddc473740dc9814e0178e68aa6d99aa83c9e3a01
DOCS__00_MASTER__P4_DATA_PRODUCT_DESIGN_DOCUMENT_MD,docs/00_master/P4_DATA_PRODUCT_DESIGN_DOCUMENT.md,1.0.0,df678a15820a0fde297782deeb54e930a1dbc1466e807468f635ca13ce32ebc6,ACTIVE,GENERATED_FILE,p4-docs-1.0.0,2026-08-09T15:38:01+09:00,ec678fc5dedc0234e7b36edca891d8183f018736,0fefd5fea824d6bc89d629c9ddc473740dc9814e0178e68aa6d99aa83c9e3a01
DOCS__00_MASTER__P4_DECISION_LOG_MD,docs/00_master/P4_DECISION_LOG.md,1.0.0,b63c75cca4318d35efcfe4ede47b798fb5ac484703cd8ae42fa7c73916f132c2,ACTIVE,GENERATED_FILE,p4-docs-1.0.0,2026-08-09T15:38:01+09:00,ec678fc5dedc0234e7b36edca891d8183f018736,0fefd5fea824d6bc89d629c9ddc473740dc9814e0178e68aa6d99aa83c9e3a01
DOCS__00_MASTER__P4_IMPLEMENTATION_STATUS_YAML,docs/00_master/P4_IMPLEMENTATION_STATUS.yaml,1.0.0,aa965583165fc44092507e02041d833be0ef711a95066891feba0be7d4382cce,GENERATED_CURRENT,GENERATED_FILE,p4-docs-1.0.0,2026-08-09T15:38:01+09:00,ec678fc5dedc0234e7b36edca891d8183f018736,0fefd5fea824d6bc89d629c9ddc473740dc9814e0178e68aa6d99aa83c9e3a01
DOCS__00_MASTER__P4_PROJECT_SSOT_MD,docs/00_master/P4_PROJECT_SSOT.md,1.0.0,16219cb9d412ce25b57aebf476241aac21d4b3c7e7903c60c6024397891cf774,ACTIVE,GENERATED_FILE,p4-docs-1.0.0,2026-08-09T15:38:01+09:00,ec678fc5dedc0234e7b36edca891d8183f018736,0fefd5fea824d6bc89d629c9ddc473740dc9814e0178e68aa6d99aa83c9e3a01
DOCS__00_MASTER__P4_RELEASE_MANIFEST_YAML,docs/00_master/P4_RELEASE_MANIFEST.yaml,1.0.0,411393bd57ef81971ce2b9c079fb82ba8e356773ae5a5e5848cf76e1986803da,ACTIVE,GENERATED_FILE,p4-docs-1.0.0,2026-08-09T15:38:01+09:00,ec678fc5dedc0234e7b36edca891d8183f018736,0fefd5fea824d6bc89d629c9ddc473740dc9814e0178e68aa6d99aa83c9e3a01
DOCS__00_MASTER__P4_SCOPE_AND_NON_GOALS_MD,docs/00_master/P4_SCOPE_AND_NON_GOALS.md,1.0.0,942459743983e3574944f85818ee4923e45d1b6a52bd3a858f87c29645ed6700,ACTIVE,GENERATED_FILE,p4-docs-1.0.0,2026-08-09T15:38:01+09:00,ec678fc5dedc0234e7b36edca891d8183f018736,0fefd5fea824d6bc89d629c9ddc473740dc9814e0178e68aa6d99aa83c9e3a01
DOCS__00_MASTER__P4_TRACEABILITY_MATRIX_CSV,docs/00_master/P4_TRACEABILITY_MATRIX.csv,1.0.0,735bbd9a757d19b36331b7ed018ab75e4b0114ba0bdcd7de7f0b518bb71bc650,GENERATED_CURRENT,GENERATED_FILE,p4-docs-1.0.0,2026-08-09T15:38:01+09:00,ec678fc5dedc0234e7b36edca891d8183f018736,0fefd5fea824d6bc89d629c9ddc473740dc9814e0178e68aa6d99aa83c9e3a01
DOCS__01_RESEARCH__MQ-001_SOURCE_RECOVERY_MD,docs/01_research/MQ-001_source_recovery.md,1.0.0,cfe572b6437dcaaf4b729e2adf458e58b27e70ccb7e169fe59223106e43f6c3f,ACTIVE,GENERATED_FILE,p4-docs-1.0.0,2026-08-09T15:38:01+09:00,ec678fc5dedc0234e7b36edca891d8183f018736,0fefd5fea824d6bc89d629c9ddc473740dc9814e0178e68aa6d99aa83c9e3a01
DOCS__01_RESEARCH__P4_INTERPRETATION_BOUNDARIES_MD,docs/01_research/P4_INTERPRETATION_BOUNDARIES.md,1.0.0,9a69b9d84425a25e80a5df97018aedc96a9709820d5f0575a52c049887e4e2bf,ACTIVE,GENERATED_FILE,p4-docs-1.0.0,2026-08-09T15:38:01+09:00,ec678fc5dedc0234e7b36edca891d8183f018736,0fefd5fea824d6bc89d629c9ddc473740dc9814e0178e68aa6d99aa83c9e3a01
DOCS__01_RESEARCH__RQ-001_POSTING_STRUCTURE_MD,docs/01_research/RQ-001_posting_structure.md,1.0.0,093b0a25714e5af625d777a3082d669240edf5348eb642dba795f82b353ae80d,ACTIVE,GENERATED_FILE,p4-docs-1.0.0,2026-08-09T15:38:01+09:00,ec678fc5dedc0234e7b36edca891d8183f018736,0fefd5fea824d6bc89d629c9ddc473740dc9814e0178e68aa6d99aa83c9e3a01
DOCS__01_RESEARCH__RQ-002A_ENTRY_BARRIERS_MD,docs/01_research/RQ-002A_entry_barriers.md,1.0.0,816c87b1bc2e0f67ac5f94c372050bed258ddc18d7bea195d3b21c8cd6754841,ACTIVE,GENERATED_FILE,p4-docs-1.0.0,2026-08-09T15:38:01+09:00,ec678fc5dedc0234e7b36edca891d8183f018736,0fefd5fea824d6bc89d629c9ddc473740dc9814e0178e68aa6d99aa83c9e3a01
DOCS__01_RESEARCH__RQ-002B_NCS_DUTY_LEVEL_MD,docs/01_research/RQ-002B_ncs_duty_level.md,1.0.0,5c40bd47b454ef93ed89957592fe752d7f26de13258cb815e4272597920ae678,ACTIVE,GENERATED_FILE,p4-docs-1.0.0,2026-08-09T15:38:01+09:00,ec678fc5dedc0234e7b36edca891d8183f018736,0fefd5fea824d6bc89d629c9ddc473740dc9814e0178e68aa6d99aa83c9e3a01
DOCS__02_CONTRACTS__DATA_MODEL_ENTITY_REGISTRY_MD,docs/02_contracts/DATA_MODEL_ENTITY_REGISTRY.md,1.0.0,e355f6acbd491063f01c384d5fa3ab8dcf84c3c90a69e041da619d245957c222,ACTIVE,GENERATED_FILE,p4-docs-1.0.0,2026-08-09T15:38:01+09:00,ec678fc5dedc0234e7b36edca891d8183f018736,0fefd5fea824d6bc89d629c9ddc473740dc9814e0178e68aa6d99aa83c9e3a01
DOCS__02_CONTRACTS__METRIC_REGISTRY_MD,docs/02_contracts/METRIC_REGISTRY.md,1.0.0,ea2acc8464f9f4947fc7fc3d252d686dc48bac9ec41f94e7be4204622dbe0382,ACTIVE,GENERATED_FILE,p4-docs-1.0.0,2026-08-09T15:38:01+09:00,ec678fc5dedc0234e7b36edca891d8183f018736,0fefd5fea824d6bc89d629c9ddc473740dc9814e0178e68aa6d99aa83c9e3a01
DOCS__02_CONTRACTS__P4_CONTRACT_ROADMAP_MD,docs/02_contracts/P4_CONTRACT_ROADMAP.md,1.0.0,d561a4f5651f6c4c1cdb7ad6d558b67e9029c8ce5e5e2ae1a587e540fa43682e,ACTIVE,GENERATED_FILE,p4-docs-1.0.0,2026-08-09T15:38:01+09:00,ec678fc5dedc0234e7b36edca891d8183f018736,0fefd5fea824d6bc89d629c9ddc473740dc9814e0178e68aa6d99aa83c9e3a01
DOCS__02_CONTRACTS__TAXONOMY_REGISTRY_MD,docs/02_contracts/TAXONOMY_REGISTRY.md,1.0.0,5b127e4d044659b0f1cd84a06fd5160c55d5035a60e126124026b6bd58ae3f3d,ACTIVE,GENERATED_FILE,p4-docs-1.0.0,2026-08-09T15:38:01+09:00,ec678fc5dedc0234e7b36edca891d8183f018736,0fefd5fea824d6bc89d629c9ddc473740dc9814e0178e68aa6d99aa83c9e3a01
DOCS__03_DATA__DATA-CONTEXT-001_CONTEXTUAL_EVIDENCE_DATACARD_MD,docs/03_data/DATA-CONTEXT-001_contextual_evidence_datacard.md,1.0.0,dc5abbfdca8466f4cf83d38ea411cd3c4718852dddfa7cff24f72e7f38f76482,ACTIVE,GENERATED_FILE,p4-docs-1.0.0,2026-08-09T15:38:01+09:00,ec678fc5dedc0234e7b36edca891d8183f018736,0fefd5fea824d6bc89d629c9ddc473740dc9814e0178e68aa6d99aa83c9e3a01
DOCS__03_DATA__DATA-LKA-001_LINKAREER_DATACARD_MD,docs/03_data/DATA-LKA-001_linkareer_datacard.md,1.0.0,3a3c51a344d67131bb7c3c5594f6b9796c0def4daa9705274c590e874412ff9f,ACTIVE,GENERATED_FILE,p4-docs-1.0.0,2026-08-09T15:38:01+09:00,ec678fc5dedc0234e7b36edca891d8183f018736,0fefd5fea824d6bc89d629c9ddc473740dc9814e0178e68aa6d99aa83c9e3a01
DOCS__03_DATA__DATA-NCS-001_NCS_CORPUS_DATACARD_MD,docs/03_data/DATA-NCS-001_ncs_corpus_datacard.md,1.0.0,5220645a5bec8127958e41a44622cd707946ec62421ae62883e9f333b2fa04fe,ACTIVE,GENERATED_FILE,p4-docs-1.0.0,2026-08-09T15:38:01+09:00,ec678fc5dedc0234e7b36edca891d8183f018736,0fefd5fea824d6bc89d629c9ddc473740dc9814e0178e68aa6d99aa83c9e3a01
DOCS__03_DATA__DATA-QUAL-001_QUALITATIVE_EVIDENCE_DATACARD_MD,docs/03_data/DATA-QUAL-001_qualitative_evidence_datacard.md,1.0.0,cb65b25182bcb93e133b9645b897da2c124972f22fb2d87cd2d862b2433b7a57,ACTIVE,GENERATED_FILE,p4-docs-1.0.0,2026-08-09T15:38:01+09:00,ec678fc5dedc0234e7b36edca891d8183f018736,0fefd5fea824d6bc89d629c9ddc473740dc9814e0178e68aa6d99aa83c9e3a01
DOCS__03_DATA__DATA-W24-001_WORK24_ALIAS_DATACARD_MD,docs/03_data/DATA-W24-001_work24_alias_datacard.md,1.0.0,2c812ea24685415da90f9dd51accd81c486f45c3f508ef27e44141431dd8bbd4,ACTIVE,GENERATED_FILE,p4-docs-1.0.0,2026-08-09T15:38:01+09:00,ec678fc5dedc0234e7b36edca891d8183f018736,0fefd5fea824d6bc89d629c9ddc473740dc9814e0178e68aa6d99aa83c9e3a01
DOCS__03_DATA__DATA_DICTIONARY_CORE_MD,docs/03_data/DATA_DICTIONARY_CORE.md,1.0.0,09c31cfda1c5aa19d3e8102219943e47346bfd241a5fdef0816a29e8eeada748,ACTIVE,GENERATED_FILE,p4-docs-1.0.0,2026-08-09T15:38:01+09:00,ec678fc5dedc0234e7b36edca891d8183f018736,0fefd5fea824d6bc89d629c9ddc473740dc9814e0178e68aa6d99aa83c9e3a01
DOCS__04_PIPELINE__PIPE-001_CRAWL_SPEC_MD,docs/04_pipeline/PIPE-001_crawl_spec.md,1.0.0,85e5b7adb87961f2daad56a8502990c98dda156695b2e6db42a477ba461a2377,ACTIVE,GENERATED_FILE,p4-docs-1.0.0,2026-08-09T15:38:01+09:00,ec678fc5dedc0234e7b36edca891d8183f018736,0fefd5fea824d6bc89d629c9ddc473740dc9814e0178e68aa6d99aa83c9e3a01
DOCS__04_PIPELINE__PIPE-002_SEMANTIC_RECOVERY_SPEC_MD,docs/04_pipeline/PIPE-002_semantic_recovery_spec.md,1.0.0,10667fa63c00e1bb466d46308815175a6afcc18dda1da5ddcb3566e88f84208a,ACTIVE,GENERATED_FILE,p4-docs-1.0.0,2026-08-09T15:38:01+09:00,ec678fc5dedc0234e7b36edca891d8183f018736,0fefd5fea824d6bc89d629c9ddc473740dc9814e0178e68aa6d99aa83c9e3a01
DOCS__04_PIPELINE__PIPE-003_EXTENSION_FACT_SPEC_MD,docs/04_pipeline/PIPE-003_extension_fact_spec.md,1.0.0,d9e6a52b3b3ae2cf82b6d44be5e0334ca8be91b32cb673c62c5a0db19c3e2ff0,ACTIVE,GENERATED_FILE,p4-docs-1.0.0,2026-08-09T15:38:01+09:00,ec678fc5dedc0234e7b36edca891d8183f018736,0fefd5fea824d6bc89d629c9ddc473740dc9814e0178e68aa6d99aa83c9e3a01
DOCS__04_PIPELINE__PIPE-004_NCS_MAPPING_SPEC_MD,docs/04_pipeline/PIPE-004_ncs_mapping_spec.md,1.0.0,d790da75c29183210614521f7d52fe1fe82e2fd4dbea72cf32ef1ca8f4986de1,ACTIVE,GENERATED_FILE,p4-docs-1.0.0,2026-08-09T15:38:01+09:00,ec678fc5dedc0234e7b36edca891d8183f018736,0fefd5fea824d6bc89d629c9ddc473740dc9814e0178e68aa6d99aa83c9e3a01
DOCS__04_PIPELINE__PIPE-005_RQ_MART_SPEC_MD,docs/04_pipeline/PIPE-005_rq_mart_spec.md,1.0.0,143653f6c95efbb5897c8698616c33b6179c574a093e0fe5db0d656313732fce,ACTIVE,GENERATED_FILE,p4-docs-1.0.0,2026-08-09T15:38:01+09:00,ec678fc5dedc0234e7b36edca891d8183f018736,0fefd5fea824d6bc89d629c9ddc473740dc9814e0178e68aa6d99aa83c9e3a01
DOCS__04_PIPELINE__STAGE_REGISTRY_YAML,docs/04_pipeline/stage_registry.yaml,1.0.0,a036add7b9c50c2aa73ebaa4d394a7eb0e4beb90b9c15928149102e09967ef71,ACTIVE,GENERATED_FILE,p4-docs-1.0.0,2026-08-09T15:38:01+09:00,ec678fc5dedc0234e7b36edca891d8183f018736,0fefd5fea824d6bc89d629c9ddc473740dc9814e0178e68aa6d99aa83c9e3a01
DOCS__05_VALIDATION__EVAL-001_SOURCE_RECOVERY_PROTOCOL_MD,docs/05_validation/EVAL-001_source_recovery_protocol.md,1.0.0,db1e61ea30b1960d331edd16297d52a910e7d32b27845869acbc3d71ac22e4c9,ACTIVE,GENERATED_FILE,p4-docs-1.0.0,2026-08-09T15:38:01+09:00,ec678fc5dedc0234e7b36edca891d8183f018736,0fefd5fea824d6bc89d629c9ddc473740dc9814e0178e68aa6d99aa83c9e3a01
DOCS__05_VALIDATION__EVAL-002_SEMANTIC_FACT_PROTOCOL_MD,docs/05_validation/EVAL-002_semantic_fact_protocol.md,1.0.0,1ccd3f498a107f214544817d575d7fc11d5decff4d6792429f5ee69463fa1199,ACTIVE,GENERATED_FILE,p4-docs-1.0.0,2026-08-09T15:38:01+09:00,ec678fc5dedc0234e7b36edca891d8183f018736,0fefd5fea824d6bc89d629c9ddc473740dc9814e0178e68aa6d99aa83c9e3a01
DOCS__05_VALIDATION__EVAL-003_NCS_RETRIEVAL_REFERENCE_PROTOCOL_MD,docs/05_validation/EVAL-003_ncs_retrieval_reference_protocol.md,1.0.0,e2b475122186a3593b6fbbcd1f59728b18298d3d536f40ac19b8adb9e0338162,ACTIVE,GENERATED_FILE,p4-docs-1.0.0,2026-08-09T15:38:01+09:00,ec678fc5dedc0234e7b36edca891d8183f018736,0fefd5fea824d6bc89d629c9ddc473740dc9814e0178e68aa6d99aa83c9e3a01
DOCS__05_VALIDATION__EVAL-004_MART_DENOMINATOR_PROTOCOL_MD,docs/05_validation/EVAL-004_mart_denominator_protocol.md,1.0.0,44c9aa7f3583652518626b1e8ba4a290b1747b4cf275d18c246ee22bafc95c4e,ACTIVE,GENERATED_FILE,p4-docs-1.0.0,2026-08-09T15:38:01+09:00,ec678fc5dedc0234e7b36edca891d8183f018736,0fefd5fea824d6bc89d629c9ddc473740dc9814e0178e68aa6d99aa83c9e3a01
DOCS__05_VALIDATION__GATE_MATRIX_YAML,docs/05_validation/gate_matrix.yaml,1.0.0,66d73cbcd0d776061dd0b172f63b67a306c4f89a7382ebfd740db18124fd9f08,ACTIVE,GENERATED_FILE,p4-docs-1.0.0,2026-08-09T15:38:01+09:00,ec678fc5dedc0234e7b36edca891d8183f018736,0fefd5fea824d6bc89d629c9ddc473740dc9814e0178e68aa6d99aa83c9e3a01
DOCS__06_ANALYSIS__ANALYSIS-001_DESCRIPTIVE_TIME_SERIES_MD,docs/06_analysis/ANALYSIS-001_descriptive_time_series.md,1.0.0,393620eaf256346391230e2b4086e31d0180af8628d158b38ba238eca0403949,ACTIVE,GENERATED_FILE,p4-docs-1.0.0,2026-08-09T15:38:01+09:00,ec678fc5dedc0234e7b36edca891d8183f018736,0fefd5fea824d6bc89d629c9ddc473740dc9814e0178e68aa6d99aa83c9e3a01
DOCS__06_ANALYSIS__ANALYSIS-002_BREAKPOINT_SENSITIVITY_MD,docs/06_analysis/ANALYSIS-002_breakpoint_sensitivity.md,1.0.0,f8cddac2fe2fc15ab2ecbbebfe310c5bdc6a5b7b884e16f7e3ff213e10bbde19,ACTIVE,GENERATED_FILE,p4-docs-1.0.0,2026-08-09T15:38:01+09:00,ec678fc5dedc0234e7b36edca891d8183f018736,0fefd5fea824d6bc89d629c9ddc473740dc9814e0178e68aa6d99aa83c9e3a01
DOCS__06_ANALYSIS__ANALYSIS-003_RQ2B_DISTRIBUTION_MD,docs/06_analysis/ANALYSIS-003_rq2b_distribution.md,1.0.0,5ce43a360008d8241464a405081cd5e1e8810a360e3c5e30e4a2873196a3a943,ACTIVE,GENERATED_FILE,p4-docs-1.0.0,2026-08-09T15:38:01+09:00,ec678fc5dedc0234e7b36edca891d8183f018736,0fefd5fea824d6bc89d629c9ddc473740dc9814e0178e68aa6d99aa83c9e3a01
DOCS__06_ANALYSIS__STATISTICAL_ANALYSIS_PLAN_MD,docs/06_analysis/statistical_analysis_plan.md,1.0.0,ac0f23aea2a713cd9e865ea440519d111912e16dc993e2a8d121636f8a434782,ACTIVE,GENERATED_FILE,p4-docs-1.0.0,2026-08-09T15:38:01+09:00,ec678fc5dedc0234e7b36edca891d8183f018736,0fefd5fea824d6bc89d629c9ddc473740dc9814e0178e68aa6d99aa83c9e3a01
DOCS__07_ARTICLE__ARTICLE_CLAIM_PROTOCOL_MD,docs/07_article/ARTICLE_CLAIM_PROTOCOL.md,1.0.0,1d6385915e168e0dcee0f9b67304e5e9a223a0706e48d518b23cfca0b98f5780,ACTIVE,GENERATED_FILE,p4-docs-1.0.0,2026-08-09T15:38:01+09:00,ec678fc5dedc0234e7b36edca891d8183f018736,0fefd5fea824d6bc89d629c9ddc473740dc9814e0178e68aa6d99aa83c9e3a01
DOCS__07_ARTICLE__ARTICLE_CLAIM_REGISTRY_CSV,docs/07_article/ARTICLE_CLAIM_REGISTRY.csv,1.0.0,13b72fa2f526d4da58fd51a058b656c220700cb954e5ed4e462e7b6294fc9023,ACTIVE,GENERATED_FILE,p4-docs-1.0.0,2026-08-09T15:38:01+09:00,ec678fc5dedc0234e7b36edca891d8183f018736,0fefd5fea824d6bc89d629c9ddc473740dc9814e0178e68aa6d99aa83c9e3a01
DOCS__07_ARTICLE__CASE_EVIDENCE_REGISTRY_CSV,docs/07_article/CASE_EVIDENCE_REGISTRY.csv,1.0.0,f93786a5595349645bbd41e688040a730f948fafbb157e1be6ffe968747dbc6e,ACTIVE,GENERATED_FILE,p4-docs-1.0.0,2026-08-09T15:38:01+09:00,ec678fc5dedc0234e7b36edca891d8183f018736,0fefd5fea824d6bc89d629c9ddc473740dc9814e0178e68aa6d99aa83c9e3a01
DOCS__07_ARTICLE__QUALITATIVE_EVIDENCE_CODEBOOK_MD,docs/07_article/QUALITATIVE_EVIDENCE_CODEBOOK.md,1.0.0,5918954643361861e12e790ad807f4ec129af72d33cc285dc1c2b36d2686ce9f,ACTIVE,GENERATED_FILE,p4-docs-1.0.0,2026-08-09T15:38:01+09:00,ec678fc5dedc0234e7b36edca891d8183f018736,0fefd5fea824d6bc89d629c9ddc473740dc9814e0178e68aa6d99aa83c9e3a01
DOCS__08_EVIDENCE__CURRENT_EVIDENCE_INDEX_YAML,docs/08_evidence/CURRENT_EVIDENCE_INDEX.yaml,1.0.0,007040cf88e2f66a6c811a336e85763e001a869789727adfa74f01d1f951d7f3,GENERATED_CURRENT,GENERATED_FILE,p4-docs-1.0.0,2026-08-09T15:38:01+09:00,ec678fc5dedc0234e7b36edca891d8183f018736,0fefd5fea824d6bc89d629c9ddc473740dc9814e0178e68aa6d99aa83c9e3a01
DOCS__08_EVIDENCE__EVIDENCE_ATTESTATION_TEMPLATE_YAML,docs/08_evidence/EVIDENCE_ATTESTATION_TEMPLATE.yaml,1.0.0,c0e52f2d96a77baa16d8eae8ce399e7057f0649435a7f4072a911a5e8552fded,ACTIVE,GENERATED_FILE,p4-docs-1.0.0,2026-08-09T15:38:01+09:00,ec678fc5dedc0234e7b36edca891d8183f018736,0fefd5fea824d6bc89d629c9ddc473740dc9814e0178e68aa6d99aa83c9e3a01
DOCS__08_EVIDENCE__README_MD,docs/08_evidence/README.md,1.0.0,b4135a61fb0fe7f7fc99c838a799da78d175be938cde362ad66a0b5e80f31528,ACTIVE,GENERATED_FILE,p4-docs-1.0.0,2026-08-09T15:38:01+09:00,ec678fc5dedc0234e7b36edca891d8183f018736,0fefd5fea824d6bc89d629c9ddc473740dc9814e0178e68aa6d99aa83c9e3a01
DOCS__08_EVIDENCE__PROCESSING__P4_RAW29_CLEANROOM_20260809_001_ATTESTATION_YAML,docs/08_evidence/processing/P4_RAW29_CLEANROOM_20260809_001_ATTESTATION.yaml,1.0.0,eda56a3ccaba7b80dfebca2b6255722a6246fe261b71f4a1037c5d978c8b3aa1,ACTIVE,GENERATED_FILE,p4-docs-1.0.0,2026-08-09T15:38:01+09:00,ec678fc5dedc0234e7b36edca891d8183f018736,0fefd5fea824d6bc89d629c9ddc473740dc9814e0178e68aa6d99aa83c9e3a01
DOCS__08_EVIDENCE__REPOSITORY__PRE_CLEANROOM_ARCHIVE_ATTESTATION_YAML,docs/08_evidence/repository/PRE_CLEANROOM_ARCHIVE_ATTESTATION.yaml,1.0.0,50dfd30509c7a132cde407f452de4a9202e2dc6c614333dcd36bec56abafe9ef,ACTIVE,GENERATED_FILE,p4-docs-1.0.0,2026-08-09T15:38:01+09:00,ec678fc5dedc0234e7b36edca891d8183f018736,0fefd5fea824d6bc89d629c9ddc473740dc9814e0178e68aa6d99aa83c9e3a01
DOCS__09_GOVERNANCE__CLEANUP_LEDGER_CSV,docs/09_governance/CLEANUP_LEDGER.csv,1.0.0,6144e1583d557ff2c2da0507a90883a7889dbc310d06b8b084c53fc3f078fdec,ACTIVE,GENERATED_FILE,p4-docs-1.0.0,2026-08-09T15:38:01+09:00,ec678fc5dedc0234e7b36edca891d8183f018736,0fefd5fea824d6bc89d629c9ddc473740dc9814e0178e68aa6d99aa83c9e3a01
DOCS__09_GOVERNANCE__GOVERNANCE_RACI_CHANGE_CONTROL_MD,docs/09_governance/GOVERNANCE_RACI_CHANGE_CONTROL.md,1.0.0,ae9e2fa37a28e94724035e12d90075a13dc5bf10accdaf9f33585b9ad83156b0,ACTIVE,GENERATED_FILE,p4-docs-1.0.0,2026-08-09T15:38:01+09:00,ec678fc5dedc0234e7b36edca891d8183f018736,0fefd5fea824d6bc89d629c9ddc473740dc9814e0178e68aa6d99aa83c9e3a01
DOCS__09_GOVERNANCE__RISK_REGISTER_MD,docs/09_governance/RISK_REGISTER.md,1.0.0,9d164c6833de90c6ab3b40340b7ff1b0e4cf60b296184f1a89624a67aea57d57,ACTIVE,GENERATED_FILE,p4-docs-1.0.0,2026-08-09T15:38:01+09:00,ec678fc5dedc0234e7b36edca891d8183f018736,0fefd5fea824d6bc89d629c9ddc473740dc9814e0178e68aa6d99aa83c9e3a01
DOCS__10_OPS__OPERATIONS_RUNBOOK_MD,docs/10_ops/OPERATIONS_RUNBOOK.md,1.0.0,1deae0e3911a4ab06d61dc71146c617005e218c2c4a3d5564e9d077138089a75,ACTIVE,GENERATED_FILE,p4-docs-1.0.0,2026-08-09T15:38:01+09:00,ec678fc5dedc0234e7b36edca891d8183f018736,0fefd5fea824d6bc89d629c9ddc473740dc9814e0178e68aa6d99aa83c9e3a01
DOCS__11_RELEASE__DELIVERABLES_ROADMAP_MD,docs/11_release/DELIVERABLES_ROADMAP.md,1.0.0,25fbd93991ceb70073470dee0634e6c835ceb6ce31665c945248b085462bf657,ACTIVE,GENERATED_FILE,p4-docs-1.0.0,2026-08-09T15:38:01+09:00,ec678fc5dedc0234e7b36edca891d8183f018736,0fefd5fea824d6bc89d629c9ddc473740dc9814e0178e68aa6d99aa83c9e3a01
DOCS__11_RELEASE__DOCUMENT_IMPORT_ATTESTATION_YAML,docs/11_release/DOCUMENT_IMPORT_ATTESTATION.yaml,1.0.0,8f512efba03cd834527b9f22ad5ea50d15851f02003adbaa1f84a20eb56e96c4,ACTIVE,GENERATED_FILE,p4-docs-1.0.0,2026-08-09T15:38:01+09:00,ec678fc5dedc0234e7b36edca891d8183f018736,0fefd5fea824d6bc89d629c9ddc473740dc9814e0178e68aa6d99aa83c9e3a01
DOCS__11_RELEASE__EVIDENCE_MANIFEST_SHA256,docs/11_release/EVIDENCE_MANIFEST.sha256,1.0.0,540c5314362ce08422eaf15e0c6faf587d8dc7f40e2e39288dd23d764b40ef5b,ACTIVE,GENERATED_FILE,p4-docs-1.0.0,2026-08-09T15:38:01+09:00,ec678fc5dedc0234e7b36edca891d8183f018736,0fefd5fea824d6bc89d629c9ddc473740dc9814e0178e68aa6d99aa83c9e3a01
DOCS__11_RELEASE__SOURCE_V1_0_0__ARTIFACT_REGISTRY_V1_0_0_CSV,docs/11_release/source_v1.0.0/ARTIFACT_REGISTRY_v1.0.0.csv,1.0.0,a2285227d7eb46e1375514e6b1a3c30c58da8f42128ae032ce31a8923438d9df,ACTIVE,GENERATED_FILE,p4-docs-1.0.0,2026-08-09T15:38:01+09:00,ec678fc5dedc0234e7b36edca891d8183f018736,0fefd5fea824d6bc89d629c9ddc473740dc9814e0178e68aa6d99aa83c9e3a01
DOCS__11_RELEASE__SOURCE_V1_0_0__EVIDENCE_MANIFEST_V1_0_0_SHA256,docs/11_release/source_v1.0.0/EVIDENCE_MANIFEST_v1.0.0.sha256,1.0.0,540c5314362ce08422eaf15e0c6faf587d8dc7f40e2e39288dd23d764b40ef5b,ACTIVE,GENERATED_FILE,p4-docs-1.0.0,2026-08-09T15:38:01+09:00,ec678fc5dedc0234e7b36edca891d8183f018736,0fefd5fea824d6bc89d629c9ddc473740dc9814e0178e68aa6d99aa83c9e3a01
DOCS__11_RELEASE__SOURCE_V1_0_0__P4_RELEASE_MANIFEST_V1_0_0_YAML,docs/11_release/source_v1.0.0/P4_RELEASE_MANIFEST_v1.0.0.yaml,1.0.0,411393bd57ef81971ce2b9c079fb82ba8e356773ae5a5e5848cf76e1986803da,ACTIVE,GENERATED_FILE,p4-docs-1.0.0,2026-08-09T15:38:01+09:00,ec678fc5dedc0234e7b36edca891d8183f018736,0fefd5fea824d6bc89d629c9ddc473740dc9814e0178e68aa6d99aa83c9e3a01
DOCS__11_RELEASE__SOURCE_V1_0_0__P4_TRACEABILITY_MATRIX_V1_0_0_CSV,docs/11_release/source_v1.0.0/P4_TRACEABILITY_MATRIX_v1.0.0.csv,1.0.0,a9f198675f160cff4dd47fa099160a4c577f23e424465f5e3ad2a9dcc1b7e95d,ACTIVE,GENERATED_FILE,p4-docs-1.0.0,2026-08-09T15:38:01+09:00,ec678fc5dedc0234e7b36edca891d8183f018736,0fefd5fea824d6bc89d629c9ddc473740dc9814e0178e68aa6d99aa83c9e3a01
DOCS__README_MD,docs/README.md,1.0.0,58b5630c2694b46bc2b100fe7dcdd9428824b4025892f7a40345edd08a8d4bd4,ACTIVE,GENERATED_FILE,p4-docs-1.0.0,2026-08-09T15:38:01+09:00,ec678fc5dedc0234e7b36edca891d8183f018736,0fefd5fea824d6bc89d629c9ddc473740dc9814e0178e68aa6d99aa83c9e3a01
